<?xml version="1.0" encoding="UTF-8"?>
<metadata xml:lang="en"><Esri><CreaDate>20180124</CreaDate><CreaTime>11495600</CreaTime><ArcGISFormat>1.0</ArcGISFormat><ArcGISstyle>FGDC CSDGM Metadata</ArcGISstyle><SyncOnce>FALSE</SyncOnce><DataProperties><itemProps><itemName Sync="TRUE">BoundariesAll</itemName><imsContentType Sync="TRUE">002</imsContentType><itemLocation><linkage Sync="TRUE">file://\\winfs\gisoda\NRPA\WaterQuality\StrategicImplementationArea\SIA_2017\Datalib.gdb</linkage><protocol Sync="TRUE">Local Area Network</protocol></itemLocation></itemProps><coordRef><type Sync="TRUE">Projected</type><geogcsn Sync="TRUE">GCS_North_American_1983</geogcsn><csUnits Sync="TRUE">Linear Unit: Foot (0.304800)</csUnits><projcsn Sync="TRUE">NAD_1983_Oregon_Statewide_Lambert_Feet_Intl</projcsn><peXml Sync="TRUE">&lt;ProjectedCoordinateSystem xsi:type='typens:ProjectedCoordinateSystem' xmlns:xsi='http://www.w3.org/2001/XMLSchema-instance' xmlns:xs='http://www.w3.org/2001/XMLSchema' xmlns:typens='http://www.esri.com/schemas/ArcGIS/10.5'&gt;&lt;WKT&gt;PROJCS[&amp;quot;NAD_1983_Oregon_Statewide_Lambert_Feet_Intl&amp;quot;,GEOGCS[&amp;quot;GCS_North_American_1983&amp;quot;,DATUM[&amp;quot;D_North_American_1983&amp;quot;,SPHEROID[&amp;quot;GRS_1980&amp;quot;,6378137.0,298.257222101]],PRIMEM[&amp;quot;Greenwich&amp;quot;,0.0],UNIT[&amp;quot;Degree&amp;quot;,0.0174532925199433]],PROJECTION[&amp;quot;Lambert_Conformal_Conic&amp;quot;],PARAMETER[&amp;quot;False_Easting&amp;quot;,1312335.958005249],PARAMETER[&amp;quot;False_Northing&amp;quot;,0.0],PARAMETER[&amp;quot;Central_Meridian&amp;quot;,-120.5],PARAMETER[&amp;quot;Standard_Parallel_1&amp;quot;,43.0],PARAMETER[&amp;quot;Standard_Parallel_2&amp;quot;,45.5],PARAMETER[&amp;quot;Latitude_Of_Origin&amp;quot;,41.75],UNIT[&amp;quot;Foot&amp;quot;,0.3048],AUTHORITY[&amp;quot;EPSG&amp;quot;,2992]]&lt;/WKT&gt;&lt;XOrigin&gt;-118489100&lt;/XOrigin&gt;&lt;YOrigin&gt;-97381100&lt;/YOrigin&gt;&lt;XYScale&gt;3048&lt;/XYScale&gt;&lt;ZOrigin&gt;-100000&lt;/ZOrigin&gt;&lt;ZScale&gt;10000&lt;/ZScale&gt;&lt;MOrigin&gt;-100000&lt;/MOrigin&gt;&lt;MScale&gt;10000&lt;/MScale&gt;&lt;XYTolerance&gt;0.0032808398950131233&lt;/XYTolerance&gt;&lt;ZTolerance&gt;0.001&lt;/ZTolerance&gt;&lt;MTolerance&gt;0.001&lt;/MTolerance&gt;&lt;HighPrecision&gt;true&lt;/HighPrecision&gt;&lt;WKID&gt;2992&lt;/WKID&gt;&lt;LatestWKID&gt;2992&lt;/LatestWKID&gt;&lt;/ProjectedCoordinateSystem&gt;</peXml></coordRef><lineage><Process ToolSource="c:\program files (x86)\arcgis\desktop10.5\ArcToolbox\Toolboxes\Data Management Tools.tbx\Merge" Date="20171108" Time="122324">Merge HUCsEF_NF_SFpistol_Crook;HUCsCoombs_McKay_Stewart_Birch;HUCsMcGowan_Mohawk;HUCsClatsop_Cow_Cronin_Nehalem;HUCsWasco_Eightmile V:\Jacob_Favorites\LibraryOf_Favorites.gdb\ALL_HUCs "HUC12 "HUC12" true true false 12 Text 0 0 ,First,#,HUCsEF_NF_SFpistol_Crook,HUC12,-1,-1,HUCsCoombs_McKay_Stewart_Birch,HUC12,-1,-1,HUCsMcGowan_Mohawk,HUC12,-1,-1,HUCsClatsop_Cow_Cronin_Nehalem,HUC12,-1,-1,HUCsWasco_Eightmile,HUC12,-1,-1;HU12_Name "Name" true true false 120 Text 0 0 ,First,#,HUCsEF_NF_SFpistol_Crook,HU12_Name,-1,-1,HUCsCoombs_McKay_Stewart_Birch,HU12_Name,-1,-1,HUCsMcGowan_Mohawk,HU12_Name,-1,-1,HUCsClatsop_Cow_Cronin_Nehalem,HU12_Name,-1,-1,HUCsWasco_Eightmile,HU12_Name,-1,-1;HUType "HUType" true true false 255 Text 0 0 ,First,#,HUCsEF_NF_SFpistol_Crook,HUType,-1,-1,HUCsCoombs_McKay_Stewart_Birch,HUType,-1,-1,HUCsMcGowan_Mohawk,HUType,-1,-1,HUCsClatsop_Cow_Cronin_Nehalem,HUType,-1,-1,HUCsWasco_Eightmile,HUType,-1,-1;Shape_Length "Shape_Length" false true true 8 Double 0 0 ,First,#,HUCsEF_NF_SFpistol_Crook,Shape_Length,-1,-1,HUCsCoombs_McKay_Stewart_Birch,Shape_Length,-1,-1,HUCsMcGowan_Mohawk,Shape_Length,-1,-1,HUCsClatsop_Cow_Cronin_Nehalem,Shape_Length,-1,-1,HUCsWasco_Eightmile,Shape_Length,-1,-1;Shape_Area "Shape_Area" false true true 8 Double 0 0 ,First,#,HUCsEF_NF_SFpistol_Crook,Shape_Area,-1,-1,HUCsCoombs_McKay_Stewart_Birch,Shape_Area,-1,-1,HUCsMcGowan_Mohawk,Shape_Area,-1,-1,HUCsClatsop_Cow_Cronin_Nehalem,Shape_Area,-1,-1,HUCsWasco_Eightmile,Shape_Area,-1,-1"</Process><Process ToolSource="c:\program files (x86)\arcgis\desktop10.5\ArcToolbox\Toolboxes\Data Management Tools.tbx\Merge" Date="20171116" Time="165849">Merge AllBoundaries;CampCreek_NEW;DELETEcrookpistol V:\NRPA\WaterQuality\StrategicImplementationArea\SIA_2017\Datalib.gdb\BoundariesAll "HUC12 "HUC12" true true false 12 Text 0 0 ,First,#,AllBoundaries,HUC12,-1,-1,CampCreek_NEW,HUC12,-1,-1,DELETEcrookpistol,HUC12,-1,-1;HU12_Name "Name" true true false 120 Text 0 0 ,First,#,AllBoundaries,HU12_Name,-1,-1,CampCreek_NEW,HU12_Name,-1,-1,DELETEcrookpistol,HU12_Name,-1,-1;HUType "HUType" true true false 255 Text 0 0 ,First,#,AllBoundaries,HUType,-1,-1,CampCreek_NEW,HUType,-1,-1,DELETEcrookpistol,HUType,-1,-1;Shape_Length "Shape_Length" false true true 8 Double 0 0 ,First,#,AllBoundaries,Shape_Length,-1,-1,CampCreek_NEW,Shape_Length,-1,-1,DELETEcrookpistol,Shape_Length,-1,-1;Shape_Area "Shape_Area" false true true 8 Double 0 0 ,First,#,AllBoundaries,Shape_Area,-1,-1,CampCreek_NEW,Shape_Area,-1,-1,DELETEcrookpistol,Shape_Area,-1,-1"</Process><Process ToolSource="c:\program files (x86)\arcgis\desktop10.5\ArcToolbox\Toolboxes\Data Management Tools.tbx\CalculateField" Date="20171205" Time="091308">CalculateField BoundariesAll SIA_Name "Coombs Peak/L. Birch Ck., McKay Res/McKay Ck., Steward Ck./L. Birch Ck." VB #</Process><Process ToolSource="c:\program files (x86)\arcgis\desktop10.5\ArcToolbox\Toolboxes\Data Management Tools.tbx\CalculateField" Date="20171205" Time="091416">CalculateField BoundariesAll SIA_Name "Humbug Ck, Cow Ck, Nehalem R., Cronin Ck." VB #</Process><Process ToolSource="c:\program files (x86)\arcgis\desktop10.5\ArcToolbox\Toolboxes\Data Management Tools.tbx\CalculateField" Date="20171205" Time="095221">CalculateField BoundariesAll SIA_Name "8 mile Ck." VB #</Process><Process ToolSource="c:\program files (x86)\arcgis\desktop10.5\ArcToolbox\Toolboxes\Data Management Tools.tbx\CalculateField" Date="20171205" Time="095242">CalculateField BoundariesAll SIA_Name "Camp Ck." VB #</Process><Process ToolSource="c:\program files (x86)\arcgis\desktop10.5\ArcToolbox\Toolboxes\Data Management Tools.tbx\CalculateField" Date="20171205" Time="095327">CalculateField BoundariesAll SIA_Name "Pistol R." VB #</Process><Process ToolSource="c:\program files (x86)\arcgis\desktop10.5\ArcToolbox\Toolboxes\Data Management Tools.tbx\CalculateField" Date="20171206" Time="094642">CalculateField BoundariesAll Acres [Shape_Area]/43560 VB #</Process><Process ToolSource="c:\program files (x86)\arcgis\desktop10.5\ArcToolbox\Toolboxes\Data Management Tools.tbx\CalculateField" Date="20171214" Time="112310">CalculateField BoundariesAll HUCS "Upper Eightmile Creek, Middle Eightmile Creek, Lower Eightmile Creek" VB #</Process><Process ToolSource="c:\program files (x86)\arcgis\desktop10.5\ArcToolbox\Toolboxes\Data Management Tools.tbx\CalculateField" Date="20171214" Time="113238">CalculateField BoundariesAll HUCS "Humbug Creek, Cow Creek-Nehalem River, Cronin Creek-Nehalem River" VB #</Process><Process ToolSource="c:\program files (x86)\arcgis\desktop10.5\ArcToolbox\Toolboxes\Data Management Tools.tbx\CalculateField" Date="20171214" Time="113324">CalculateField BoundariesAll HUCS "Coombs Peak-Birch Creek, McKay Reservoir-McKay Creek, Stewart Creek-Birch Creek" VB #</Process><Process ToolSource="c:\program files (x86)\arcgis\desktop10.5\ArcToolbox\Toolboxes\Data Management Tools.tbx\CalculateField" Date="20171214" Time="113356">CalculateField BoundariesAll HUCS "Camp Creek" VB #</Process><Process ToolSource="c:\program files (x86)\arcgis\desktop10.5\ArcToolbox\Toolboxes\Data Management Tools.tbx\CalculateField" Date="20171214" Time="113425">CalculateField BoundariesAll HUCS "Crook Creek-Pistol River" VB #</Process></lineage></DataProperties><SyncDate>20171116</SyncDate><SyncTime>16584800</SyncTime><ModDate>20171116</ModDate><ModTime>16584800</ModTime></Esri><dataIdInfo><envirDesc Sync="TRUE">Microsoft Windows 7 Version 6.1 (Build 7601) Service Pack 1; Esri ArcGIS 10.5.1.7333</envirDesc><dataLang><languageCode value="eng" Sync="TRUE"></languageCode><countryCode value="USA" Sync="TRUE"></countryCode></dataLang><idCitation><resTitle Sync="TRUE">BoundariesAll</resTitle><presForm><PresFormCd value="005" Sync="TRUE"></PresFormCd></presForm></idCitation><spatRpType><SpatRepTypCd value="001" Sync="TRUE"></SpatRepTypCd></spatRpType></dataIdInfo><mdLang><languageCode value="eng" Sync="TRUE"></languageCode><countryCode value="USA" Sync="TRUE"></countryCode></mdLang><distInfo><distFormat><formatName Sync="TRUE">File Geodatabase Feature Class</formatName></distFormat></distInfo><mdHrLv><ScopeCd value="005" Sync="TRUE"></ScopeCd></mdHrLv><mdHrLvName Sync="TRUE">dataset</mdHrLvName><refSysInfo><RefSystem><refSysID><identCode code="2992" Sync="TRUE"></identCode><idCodeSpace Sync="TRUE">EPSG</idCodeSpace><idVersion Sync="TRUE">8.9.3(9.0.0)</idVersion></refSysID></RefSystem></refSysInfo><spatRepInfo><VectSpatRep><geometObjs Name="BoundariesAll"><geoObjTyp><GeoObjTypCd value="002" Sync="TRUE"></GeoObjTypCd></geoObjTyp><geoObjCnt Sync="TRUE">0</geoObjCnt></geometObjs><topLvl><TopoLevCd value="001" Sync="TRUE"></TopoLevCd></topLvl></VectSpatRep></spatRepInfo><spdoinfo><ptvctinf><esriterm Name="BoundariesAll"><efeatyp Sync="TRUE">Simple</efeatyp><efeageom code="4" Sync="TRUE"></efeageom><esritopo Sync="TRUE">FALSE</esritopo><efeacnt Sync="TRUE">0</efeacnt><spindex Sync="TRUE">TRUE</spindex><linrefer Sync="TRUE">FALSE</linrefer></esriterm></ptvctinf></spdoinfo><eainfo><detailed Name="BoundariesAll"><enttyp><enttypl Sync="TRUE">BoundariesAll</enttypl><enttypt Sync="TRUE">Feature Class</enttypt><enttypc Sync="TRUE">0</enttypc></enttyp><attr><attrlabl Sync="TRUE">OBJECTID</attrlabl><attalias Sync="TRUE">OBJECTID</attalias><attrtype Sync="TRUE">OID</attrtype><attwidth Sync="TRUE">4</attwidth><atprecis Sync="TRUE">0</atprecis><attscale Sync="TRUE">0</attscale><attrdef Sync="TRUE">Internal feature number.</attrdef><attrdefs Sync="TRUE">Esri</attrdefs><attrdomv><udom Sync="TRUE">Sequential unique whole numbers that are automatically generated.</udom></attrdomv></attr><attr><attrlabl Sync="TRUE">Shape</attrlabl><attalias Sync="TRUE">Shape</attalias><attrtype Sync="TRUE">Geometry</attrtype><attwidth Sync="TRUE">0</attwidth><atprecis Sync="TRUE">0</atprecis><attscale Sync="TRUE">0</attscale><attrdef Sync="TRUE">Feature geometry.</attrdef><attrdefs Sync="TRUE">Esri</attrdefs><attrdomv><udom Sync="TRUE">Coordinates defining the features.</udom></attrdomv></attr><attr><attrlabl Sync="TRUE">HUC12</attrlabl><attalias Sync="TRUE">HUC12</attalias><attrtype Sync="TRUE">String</attrtype><attwidth Sync="TRUE">12</attwidth><atprecis Sync="TRUE">0</atprecis><attscale Sync="TRUE">0</attscale></attr><attr><attrlabl Sync="TRUE">HU12_Name</attrlabl><attalias Sync="TRUE">Name</attalias><attrtype Sync="TRUE">String</attrtype><attwidth Sync="TRUE">120</attwidth><atprecis Sync="TRUE">0</atprecis><attscale Sync="TRUE">0</attscale></attr><attr><attrlabl Sync="TRUE">HUType</attrlabl><attalias Sync="TRUE">HUType</attalias><attrtype Sync="TRUE">String</attrtype><attwidth Sync="TRUE">255</attwidth><atprecis Sync="TRUE">0</atprecis><attscale Sync="TRUE">0</attscale></attr><attr><attrlabl Sync="TRUE">Shape_Length</attrlabl><attalias Sync="TRUE">Shape_Length</attalias><attrtype Sync="TRUE">Double</attrtype><attwidth Sync="TRUE">8</attwidth><atprecis Sync="TRUE">0</atprecis><attscale Sync="TRUE">0</attscale><attrdef Sync="TRUE">Length of feature in internal units.</attrdef><attrdefs Sync="TRUE">Esri</attrdefs><attrdomv><udom Sync="TRUE">Positive real numbers that are automatically generated.</udom></attrdomv></attr><attr><attrlabl Sync="TRUE">Shape_Area</attrlabl><attalias Sync="TRUE">Shape_Area</attalias><attrtype Sync="TRUE">Double</attrtype><attwidth Sync="TRUE">8</attwidth><atprecis Sync="TRUE">0</atprecis><attscale Sync="TRUE">0</attscale><attrdef Sync="TRUE">Area of feature in internal units squared.</attrdef><attrdefs Sync="TRUE">Esri</attrdefs><attrdomv><udom Sync="TRUE">Positive real numbers that are automatically generated.</udom></attrdomv></attr></detailed></eainfo><mdDateSt Sync="TRUE">20171116</mdDateSt></metadata>
